"","node"
"1","Actinocyclus actinochilus"
"2","Actinocyclus spiritus"
"3","Actinocyclus utricularis"
"4","Azpeitia tabularis"
"5","Banquisia belgicae"
"6","Chaetoceros bulbosum"
"7","Chaetoceros concavicornis"
"8","Chaetoceros criophilum"
"9","Chaetoceros dichaeta"
"10","Chaetoceros flexuosum"
"11","Chaetoceros neglectum"
"12","Chaetoceros pelagicus"
"13","Corethron criophilum"
"14","Coscinodiscus oculoides"
"15","Eucampia antarctica"
"16","Fragilariopsis curta"
"17","Fragilariopsis cylindrus"
"18","Fragilariopsis kerguelensis"
"19","Fragilariopsis linearis"
"20","Fragilariopsis nana"
"21","Fragilariopsis obliquecostata"
"22","Fragilariopsis pseudonana"
"23","Fragilariopsis rhombica"
"24","Fragilariopsis ritscheri"
"25","Fragilariopsis separanda"
"26","Fragilariopsis sublinearis"
"27","Fragilariopsis vanheurckii"
"28","Manguinea fusiformis"
"29","Manguinea rigida"
"30","Navicula glaciei"
"31","Navicula schefterae"
"32","Nitzschia kerguelensis"
"33","Nitzschia lecointei"
"34","Nitzschia neglecta"
"35","Odontella weissflogii"
"36","Porosira glacialis"
"37","Porosira pseudodenticulata"
"38","Proboscia alata"
"39","Proboscia inermi"
"40","Proboscia truncata"
"41","Pseudo-Nitzschia heimii"
"42","Pseudo-Nitzschia liniola"
"43","Pseudo-Nitzschia prolongatoides"
"44","Pseudo-Nitzschia subcurvata"
"45","Rhizosolenia antennata"
"46","Stellarima microtrias"
"47","Thalassiosira australis"
"48","Thalassiosira frenguelliopsis"
"49","Thalassiosira gracilis"
"50","Thalassiosira gracilis expecta"
"51","Thalassiosira gravida"
"52","Thalassiosira lentiginosa"
"53","Thalassiosira ritscheri"
"54","Thalassiosira trifulta"
"55","Thalassiosira tumida"
"56","Trichotoxon reinboldii"
"57","Phytodetritus"
"58","Sediment"
"59","Dictyocha speculum"
"60","Phaeocystis antarctica"
"61","Silicioflagellata"
"62","Bodo saltans"
"63","Neogloboquadriana pachyderma"
"64","Chaetoceros socialis"
"65","Cylindrotheca closterium"
"66","Thalassiosira antarctica"
"67","Pelagobia longicirrata"
"68","Rhynchonereella bongraini"
"69","Laetmonice producta"
"70","Harmothoe spinosa"
"71","Harmothoe crosetensis"
"72","Harmotoe hartmanae"
"73","Polyeunoa laevis"
"74","Barrukia cristata"
"75","Eulagisca gigantea"
"76","Eunoe spica"
"77","Eunoe hartmanae"
"78","Eunoe spica spicoides"
"79","Vanadis antarctica"
"80","Pista spinifera"
"81","Phyllocomus crocea"
"82","Terebella ehlersi"
"83","Eucranta mollis"
"84","Cinachyra antarctica"
"85","Cinachyra barbata"
"86","Bathydorus spinosus"
"87","Iophon radiatus"
"88","Kirkpatrickia variolosa"
"89","Rossella racovitzae"
"90","Stylocordyla borealis"
"91","Homaxinella balfourensis"
"92","Scolymastra joubini"
"93","Latrunculia apicalis"
"94","Latrunculia brevis"
"95","Tetilla leptoderma"
"96","Haliclona dancoi"
"97","Mycale acerata"
"98","Rossella antarctica"
"99","Rossella tarenja"
"100","Haliclona tenella"
"101","Clathria pauper"
"102","Calyx arcuarius"
"103","Isodyctia toxophila"
"104","Isodyctia cavicornuta"
"105","Isodyctia steifera"
"106","Axociella nidificata"
"107","Rossella nuda"
"108","Tentorium papillatum"
"109","Tentorium semisuberites"
"110","Tedania oxeata"
"111","Tedania tantulata"
"112","Tedania vanhoeffeni"
"113","Phorbas areolatus"
"114","Phorbas glaberrima"
"115","Polymastia invaginata"
"116","Polymastia isidis"
"117","Anoxycalyx joubini"
"118","Mesothuria lactea"
"119","Achlyonice violaecuspidata"
"120","Bathyplotes gourdoni"
"121","Bathyplotes bongraini"
"122","Scotoplanes globosa"
"123","Molpadia musculus"
"124","Ypsilocucumis turricata"
"125","Psolidium incertum"
"126","Trachythyone parva"
"127","Laetmogone wyvillethompsoni"
"128","Pseudostichopus mollis"
"129","Pseudostichopus villosus"
"130","Elpidia glacialis"
"131","Chiridota weddellensis"
"132","Ekmocucumis steineni"
"133","Ekmocucumis turqueti"
"134","Abyssocucumis liouvillei"
"135","Psolus dubiosus"
"136","Psolus charcoti"
"137","Psolus antarcticus"
"138","Echinopsolus acanthocola"
"139","Ekmocucumis turqueti turqueti"
"140","Taeniogyrus contortus"
"141","Ampelisca richardsoni"
"142","Alexandrella mixta"
"143","Parschisturella ceruviata"
"144","Paramoera walkeri"
"145","Maxilliphimedia longipes"
"146","Gnathiphimedia mandibularis"
"147","Echiniphimedia hodgsoni"
"148","Iphimediella  cyclogena"
"149","Momoculodes scabriculosus"
"150","Pseudorchomene coatsi"
"151","Haplocheira plumosa"
"152","Oradarea edentata"
"153","Djerboa furcipes"
"154","Ophioperla koehleri"
"155","Ophionotus victoriae"
"156","Ophioceres incipiens"
"157","Ophiurolepis brevirima"
"158","Ophiurolepis gelida"
"159","Ophiosparte gigas"
"160","Ophioperla ludwigi"
"161","Ophiacantha antarctica"
"162","Astrotoma agassizii"
"163","Astrochlamys bruneus"
"164","Gorgonocephalus chiliensis"
"165","Ceratoserolis meridionalis"
"166","Frontoserolis bouvieri"
"167","Natatolana obtusata"
"168","Natatolana oculata"
"169","Natatolana meridionalis"
"170","Munna globicauda"
"171","Serolella bouveri"
"172","Serolis polita"
"173","Gnathia calva"
"174","Austrosignum grande"
"175","Aega antarctica"
"176","Arcturidae"
"177","Silicularia rosea"
"178","Tubularia ralphii"
"179","Oswaldella antarctica"
"180","Monocaulus parvula"
"181","Primnoisis antarctica"
"182","Gersemia antarctica"
"183","Clavularia frankiliana"
"184","Primnoella"
"185","Ainigmaptilon antarcticus"
"186","Armadillogorgia cyathella"
"187","Alcyonium antarcticum"
"188","Anthomastus bathyproctus"
"189","Alacia hettacra"
"190","Alacia belgicae"
"191","Metaconchoecia isocheira"
"192","Boroecia antipoda"
"193","Cibicides refulgens"
"194","Globocassidulina crassa"
"195","Lenticulina antarctica"
"196","Pentanymphon antarcticum"
"197","Ammothea carolinensis"
"198","Colossendeis scotti"
"199","Nymphon gracillimum"
"200","Flustra angusta"
"201","Camptoplites tricornis"
"202","Nematoflustra flagellata"
"203","Austroflustra vulgaris"
"204","Melicerita obliqua"
"205","Systenopora contracta"
"206","Flustra antarctica"
"207","Fasciculiporoides ramosa"
"208","Reteporella hippocrepis"
"209","Lageneschara lyrulata"
"210","Isoschizoporella tricuspis"
"211","Caulastraea curvata"
"212","Chondriovelum adeliense"
"213","Bostrychopora dentata"
"214","Liothyrella uva"
"215","Magellania joubini"
"216","Magellania fragilis"
"217","Crania lecointei"
"218","Compsothyris racovitzae"
"219","Liothyrella uva antarctica"
"220","Glyptonotus antarcticus"
"221","Cassidulinoides parkerianus"
"222","Nototanais antarcticus"
"223","Peraeospinosus pushkini"
"224","Nototanais dimorphus"
"225","Notaeolidia gigas"
"226","Austrodoris kerguelenensis"
"227","Trophon longstaffi"
"228","Tritonia antarctica"
"229","Aegires albus"
"230","Bathydoris clavigera"
"231","Tritoniella belli"
"232","Harpovoluta charcoti"
"233","Puncturella conica"
"234","Neobuccinum eatoni"
"235","Marseniopsis mollis"
"236","Marseniopsis conica"
"237","Parmaphorella mawsoni"
"238","Amauropsis rossiana"
"239","Newnesia antarctica"
"240","Falsimargarita gemma"
"241","Marginella ealesa"
"242","Pontiothauma ergata"
"243","Probuccinum tenuistriatum"
"244","Nacella concinna"
"245","Yolida eightsi"
"246","Abyssorchomene rossi"
"247","Abyssorchomene plebs"
"248","Abyssorchomene nodimanus"
"249","Eusirus antarcticus"
"250","Eusirus perdentatus"
"251","Tryphosella murrayi"
"252","Waldeckia obesa"
"253","Epimeriella walkeri"
"254","Cyllopus lucasii"
"255","Hyperiella dilatata"
"256","Vibilia antarctica"
"257","Vibilia stebbingi"
"258","Hyperia macrocephala"
"259","Epimeria similis"
"260","Epimeria robusta"
"261","Epimeria macrodonta"
"262","Epimeria rubrieques"
"263","Epimeria georgiana"
"264","Melphidippa antarctica"
"265","Oediceroides emarginatus"
"266","Oediceroides calmani"
"267","Paraceradocus gibber"
"268","Liljeborgia georgiana"
"269","Uristes gigas"
"270","Eurythenes gryllus"
"271","Bathypanoploea schellenbergi"
"272","Heterophoxus videns"
"273","Rhachotropis antarctica"
"274","Themisto gaudichaudii"
"275","Primno macropa"
"276","Rhincalanus gigas"
"277","Calanus propinquus"
"278","Calanoides acutus"
"279","Metridia gerlachei"
"280","Paraeuchaeta antarctica"
"281","Conchoecia hettacra"
"282","Conchoecia antipoda"
"283","Bargmannia"
"284","Clione limacina"
"285","Clione antarctica"
"286","Clio pyramidata"
"287","Limacina helicina antarctica"
"288","Eukrohnia hamata"
"289","Euphausia superba"
"290","Acodontaster conspicuus"
"291","Acodontaster capitatus"
"292","Acodontaster hodgsoni"
"293","Bathybiaster loripes"
"294","Cuenotaster involutus"
"295","Diplasterias brucei"
"296","Luidiaster gerlachei"
"297","Labidiaster annulatus"
"298","Lophaster gaini"
"299","Notasterias armata"
"300","Solaster dawsoni"
"301","Odontaster meridionalis"
"302","Odontaster validus"
"303","Kampylaster incurvatus"
"304","Cycethra verrucosa mawsoni"
"305","Notasterias stylophora"
"306","Notioceramus anomalus"
"307","Perknaster sladeni"
"308","Pteraster affinis aculeatus"
"309","Perknaster densus"
"310","Perknaster fuscus antarcticus"
"311","Macroptychaster accrescens"
"312","Lysasterias perrieri"
"313","Psilaster charcoti"
"314","Porania antarctica"
"315","Porania antarctica glabra"
"316","Sterechinus neumayeri"
"317","Sterechinus antarcticus"
"318","Beroe cucumis"
"319","Lyrocteis flavopallidus"
"320","Callianira antarctica"
"321","Artedidraco orianae"
"322","Artedidraco loennbergi"
"323","Artedidraco skottsbergi"
"324","Dolloidraco longedorsalis"
"325","Pogonophryne marmorata"
"326","Pogonophryne phyllopogon"
"327","Pogonophryne permitini"
"328","Pogonophryne scotti"
"329","Pogonophryne barsukovi"
"330","Cygnodraco mawsoni"
"331","Gerlachea australis"
"332","Gymnodraco acuticeps"
"333","Prionodraco evansii"
"334","Racovitzia glacialis"
"335","Chaenodraco wilsoni"
"336","Chionodraco hamatus"
"337","Chionodraco myersi"
"338","Cryodraco antarcticus"
"339","Dacodraco hunteri"
"340","Pagetopsis maculatus"
"341","Aethotaxis mitopteryx"
"342","Dissostichus mawsoni"
"343","Trematomus eulepidotus"
"344","Trematomus lepidorhinus"
"345","Trematomus loennbergii"
"346","Trematomus nicolai"
"347","Trematomus pennellii"
"348","Trematomus scotti"
"349","Notothenia marmorata"
"350","Notothenia coriiceps"
"351","Trematomus bernacchii"
"352","Trematomus hansoni"
"353","Macrourus holotrachys"
"354","Macrourus whitsoni"
"355","Electrona antarctica"
"356","Harpagifer antarcticus"
"357","Pagetopsis macropterus"
"358","Muraenolepis marmoratus"
"359","Muraenolepis microps"
"360","Pachycara brachycephalum"
"361","Cyclocardia astartoides"
"362","Laternula elliptica"
"363","Limopsis lillei"
"364","Limopsis marionensis"
"365","Lissarca notorcadensis"
"366","Propeleda longicaudata"
"367","Promachocrinus kerguelensis"
"368","Anthometra adriani"
"369","Molgula pedunculata"
"370","Ascidia challengeri"
"371","Corella eumyota"
"372","Aplidium vastum"
"373","Synoicum adareanum"
"374","Cnemidocarpa verrucosa"
"375","Sycozoa sigillinoides"
"376","Pyura bouvetensis"
"377","Pyura discoveryi"
"378","Pyura setosa"
"379","Pyura tunicata"
"380","Euphausia crystallorophias"
"381","Euphausia frigida"
"382","Thysanoessa macrura"
"383","Eucopia australis"
"384","Euchaetomera antarcticus"
"385","Antarctomysis maxima"
"386","Chorismus antarcticus"
"387","Cephalodiscus"
"388","Cadulus dalli antarcticum"
"389","Fissidentalium majorinum"
"390","Urticinopsis antarctica"
"391","Isotealia antarctica"
"392","Edwardsia meridionalis"
"393","Isosicyonis alba"
"394","Eudorella splendida"
"395","Vaunthompsonia indermis"
"396","Camylaspis maculata"
"397","Diastylis mawsoni"
"398","Ekleptostylis debroyeri"
"399","Phascolion strombi"
"400","Golfingia nordenskojoeldi"
"401","Golfingia mawsoni"
"402","Golfingia ohlini"
"403","Golfingia anderssoni"
"404","Golfingia margaritacea margaritacea"
"405","Alomasoma belyaevi"
"406","Echiurus antarcticus"
"407","Hamingia"
"408","Maxmuelleria faex"
"409","Nuttallochiton mirandus"
"410","Callochiton gaussi"
"411","Amphidinium hadai"
"412","Gyrodinium lachryama"
"413","Parvicorbucula socialis"
"414","Rhodalia miranda"
"415","Atolla wyvillei"
"416","Dimophyes arctica"
"417","Diphyes antarctica"
"418","Pareledone charcoti"
"419","Pareledone antarctica"
"420","Pleuragramma antarcticum"
"421","Bathylagus antarcticus"
"422","Notolepis coatsi"
"423","Gymnoscopelus braueri"
"424","Gymnoscopelus opisthopterus"
"425","Gymnoscopelus nicholsi"
"426","Protomyctophum bolini"
"427","Solmundella bitentaculata"
"428","Dipulmaris antarctica"
"429","Desmonema glaciale"
"430","Periphylla periphylla"
"431","Salpa thompsoni"
"432","Champsocephalus gunnari"
"433","Notocrangon antarcticus"
"434","Nematocarcinus lanceopes"
"435","Psychroteuthis glacialis"
"436","Moroteuthis ingens"
"437","Alluroteuthis antarcticus"
"438","Galiteuthis glacialis"
"439","Kondakovia longimana"
"440","Gonatus antarcticus"
"441","Mesonychoteuthis hamiltoni"
"442","Martialia hyadesi"
"443","Pseudosagitta gazellae"
"444","Sagitta marri"
"445","Pseudosagitta maxima"
"446","Salpa gerlachei"
"447","Ihlea racovitzai"
"448","Arctocephalus gazella"
"449","Pygoscelis adeliae"
"450","Thalassoica antarctica"
"451","Halobaena caerulea"
"452","Lobodon carcinophaga"
"453","Hydrurga leptonyx"
"454","Mirounga leonina"
"455","Ommatophoca rossii"
"456","Leptonychotes weddelli"
"457","Balaenoptera acutorostrata"
"458","Ctenocidaris gigantea"
"459","Ctenocidaris spinosa"
"460","Notocidaris mortenseni"
"461","Abatus curvidens"
"462","Abatus cavernosus"
"463","Abatus nimrodi"
"464","Abatus shackeltoni"
"465","Austrocidaris canaliculata"
"466","Aporocidaris milleri"
"467","Ctenocidaris perrieri"
"468","Ctenocidaris gilberti"
"469","Baseodiscus antarcticus"
"470","Lineus longifissus"
"471","Parborlasia corrugatus"
"472","Fulmarus glacialoides"
"473","Daption capense"
"474","Pagodroma nivea"
"475","Aphrodroma brevirostris"
"476","Macronectes halli"
"477","Macronectes giganteus"
"478","Procellaria aequinoctialis"
"479","Oceanites oceanicus"
"480","Sterna vittata"
"481","Sterna paradisaea"
"482","Pachyptila desolata"
"483","Aptenodytes forsteri"
"484","Balaenoptera musculus"
"485","Balaenoptera physalus"
"486","Physeter macrocephalus"
"487","Megaptera novaeangliae"
"488","Orcinus orca"
"489","Lagenorhynchus cruciger"
"490","Tursiops truncatus"
